,wlr,balance,win_by_blackjack,win_by_bust,win_by_comparison,tie,lose_by_blackjack,lose_by_bust,lose_by_comparison
0,0.9,100.0,114,198,129,69,110,179,201
1,0.879837067209776,97.5,102,218,112,77,106,171,214
2,1.0394736842105263,228.5,99,248,127,70,85,164,207
3,0.9201680672268907,149.5,114,218,106,86,72,195,209
4,1.0394736842105263,275.5,113,231,130,70,85,156,215
5,0.8591549295774648,35.5,108,200,119,76,90,184,223
6,0.9702127659574468,156.5,105,224,127,74,83,182,205
7,0.920997920997921,91.5,114,239,90,76,89,164,228
8,0.9282700421940928,164.5,112,218,110,86,77,185,212
9,0.846307385229541,15.5,103,214,107,75,90,184,227
10,0.9213250517598344,83.0,105,216,124,72,83,170,230
11,1.0,286.0,117,214,127,84,70,157,231
12,0.8961303462321792,70.0,103,215,122,69,94,185,212
13,0.9473684210526315,146.5,122,206,122,75,72,178,225
14,1.0218340611353711,211.5,110,222,136,74,80,155,223
15,1.0198237885462555,293.0,124,217,122,83,91,165,198
16,0.8724696356275303,80.0,95,214,122,75,83,178,233
17,1.0262008733624455,248.5,113,218,139,72,70,172,216
18,0.8612244897959184,-0.5,108,192,122,88,91,175,224
19,0.9344608879492601,117.0,107,218,117,85,103,164,206
20,1.0654627539503385,364.5,124,229,119,85,80,152,211
21,0.9175257731958762,45.0,98,217,130,70,88,176,221
22,0.9892703862660944,237.5,121,217,123,73,75,185,206
23,0.843687374749499,47.0,105,199,117,80,98,181,220
24,0.8995901639344263,48.5,99,211,129,73,99,161,228
25,0.939203354297694,70.5,112,224,112,75,88,166,223
26,0.9030927835051547,22.0,102,215,121,77,92,153,240
27,0.869215291750503,5.5,106,195,131,71,85,155,257
28,0.8373493975903614,-5.0,97,208,112,85,101,166,231
29,0.9402061855670103,164.5,107,220,129,59,69,186,230
30,0.9365750528541226,205.0,114,217,112,84,79,160,234
31,0.9493670886075949,136.0,110,237,103,76,93,165,216
32,0.951271186440678,239.5,114,218,117,79,83,170,219
33,0.9764453961456103,146.0,107,225,124,77,82,148,237
34,0.9424307036247335,186.5,112,229,101,89,96,153,220
35,0.9655172413793104,151.5,101,223,124,88,74,170,220
36,0.9347368421052632,192.5,118,215,111,81,84,174,217
37,0.899581589958159,98.0,94,209,127,92,94,161,223
38,0.9216101694915254,161.5,113,222,100,93,96,157,219
39,0.8582995951417004,96.0,99,201,124,82,91,170,233
40,0.9347368421052632,156.0,110,223,111,81,85,171,219
41,0.9641350210970464,220.5,112,212,133,69,87,180,207
42,0.9010309278350516,107.0,114,205,118,78,97,177,211
43,0.9741379310344828,208.0,109,208,135,84,84,150,230
44,0.8694779116465864,83.0,113,193,127,69,92,163,243
45,0.911522633744856,97.5,107,211,125,71,97,156,233
46,0.8054474708171206,-58.0,99,196,119,72,102,167,245
47,0.9421841541755889,118.5,102,231,107,93,72,206,189
48,0.9681528662420382,190.0,106,237,113,73,89,172,210
49,0.9978354978354979,225.5,100,225,136,77,74,171,217
50,0.9016393442622951,86.5,107,230,103,72,84,168,236
51,0.9850746268656716,213.0,121,219,122,69,93,174,202
52,0.8989690721649485,101.0,107,210,119,79,99,173,213
53,0.9219409282700421,110.5,112,222,103,89,100,169,205
54,0.946058091286307,102.5,103,230,123,62,97,179,206
55,0.9517819706498952,155.5,118,203,133,69,84,172,221
56,1.0398230088495575,294.5,117,223,130,78,82,161,209
57,1.0021645021645023,270.0,115,230,118,75,99,153,210
58,0.9788135593220338,217.0,103,225,134,66,95,167,210
59,0.9299363057324841,86.5,101,212,125,91,70,183,218
60,1.0220264317180616,225.0,109,219,136,82,84,151,219
61,0.879837067209776,53.0,97,227,108,77,90,154,247
62,0.9702127659574468,141.0,113,224,119,74,77,161,232
63,0.9002079002079002,140.0,95,233,105,86,90,147,244
64,0.9002079002079002,36.0,92,235,106,86,95,166,220
65,0.967948717948718,188.5,107,215,131,79,86,170,212
66,0.8647540983606558,-47.0,97,220,105,90,85,169,234
67,0.9081632653061225,104.0,118,217,110,65,87,193,210
68,0.9449152542372882,145.5,119,200,127,82,75,173,224
69,0.9617834394904459,185.5,123,216,114,76,88,165,218
70,0.8349900596421471,-38.0,105,198,117,77,88,166,249
71,0.93125,107.5,126,195,126,73,90,166,224
72,0.9358974358974359,114.0,91,227,120,94,91,153,224
73,0.8934426229508197,66.5,102,223,111,76,77,196,215
74,0.9829424307036247,221.0,102,235,124,70,77,179,213
75,0.9936575052854123,242.0,137,219,114,57,77,176,220
76,0.931958762886598,57.5,116,211,125,63,98,174,213
77,0.9216494845360824,161.5,97,226,124,68,76,158,251
78,0.9808510638297873,196.0,130,210,121,69,69,171,230
79,0.9263157894736842,123.0,99,218,123,85,82,162,231
80,0.9159836065573771,105.5,109,211,127,65,100,170,218
81,1.0260303687635575,212.0,122,227,124,66,87,156,218
82,0.9613733905579399,234.5,122,211,115,86,90,158,218
83,0.9616204690831557,167.0,109,229,113,80,86,164,219
84,0.9345991561181435,123.0,111,205,127,83,82,172,220
85,0.9270833333333334,116.0,94,217,134,75,95,168,217
86,0.9372384937238494,151.0,99,222,127,74,88,173,217
87,0.9554140127388535,168.5,109,214,127,79,88,150,233
88,0.9480249480249481,135.5,123,206,127,63,72,184,225
89,0.9678111587982833,261.5,104,226,121,83,86,161,219
90,1.0217864923747277,221.0,121,236,112,72,82,155,222
91,0.9656652360515021,153.5,98,216,136,84,97,160,209
92,0.8790983606557377,68.5,105,218,106,83,90,178,220
93,0.9720430107526882,241.5,131,200,121,83,77,173,215
94,0.875,46.5,108,215,97,100,71,175,234
95,0.9227557411273486,92.5,92,207,143,79,93,160,226
96,0.9085239085239085,79.0,112,210,115,82,80,162,239
97,1.0308370044052864,261.5,106,227,135,78,73,181,200
98,0.9028925619834711,102.5,98,236,103,79,92,171,221
99,0.8685831622176592,70.5,111,198,114,90,97,184,206
100,0.8137254901960784,13.0,100,206,109,75,78,182,250
101,1.046875,302.5,112,239,118,83,80,163,205
102,0.9847161572052402,220.0,112,216,123,91,93,156,209
103,0.8300395256916996,3.0,90,199,131,74,88,179,239
104,0.8987603305785123,117.5,99,218,118,81,91,165,228
105,0.8537074148296593,56.0,92,216,118,75,82,176,241
106,0.9472573839662447,123.0,114,228,107,77,97,159,218
107,0.8952772073921971,76.5,107,203,126,77,67,174,246
108,0.982646420824295,237.0,122,228,103,86,79,161,221
109,0.8835758835758836,34.5,97,213,115,94,100,169,212
110,0.974304068522484,125.5,92,249,114,78,79,154,234
111,0.9787685774946921,167.0,114,238,109,68,77,174,220
112,0.8668032786885246,12.5,107,203,113,89,84,167,237
113,0.9195876288659793,163.0,111,208,127,69,85,181,219
114,0.9892933618843683,139.0,106,218,138,71,85,155,227
115,0.9726315789473684,113.5,112,232,118,63,94,171,210
116,1.0195227765726682,199.0,105,235,130,69,82,165,214
117,0.9617021276595744,147.5,115,230,107,78,78,180,212
118,0.9014373716632443,143.0,113,216,110,74,73,175,239
119,0.8307086614173228,17.5,108,202,112,70,112,182,214
120,0.9826086956521739,165.0,90,248,114,88,64,169,227
121,0.9090909090909091,92.5,91,239,110,76,80,177,227
122,0.9699570815450643,217.5,106,224,122,82,85,157,224
123,0.9548387096774194,221.0,121,215,108,91,89,158,218
124,1.0214592274678111,194.0,103,242,131,58,85,168,213
125,0.9680170575692963,183.0,114,223,117,77,83,165,221
126,0.9788583509513742,190.5,96,231,136,64,93,153,227
127,0.8816326530612245,134.0,125,205,102,78,96,160,234
128,0.8821138211382114,125.5,116,216,102,74,88,178,226
129,0.8514851485148515,20.0,108,200,122,65,89,182,234
130,0.8954918032786885,93.0,102,225,110,75,83,180,225
131,0.8884381338742393,167.5,103,208,127,69,89,182,222
132,0.9705263157894737,182.5,111,229,121,64,85,172,218
133,0.9956521739130435,227.5,113,211,134,82,78,168,214
134,1.0066079295154184,175.5,90,244,123,89,80,150,224
135,0.9164926931106472,62.0,102,207,130,82,97,171,211
136,0.94375,137.0,104,221,128,67,74,154,252
137,0.8954918032786885,57.0,106,210,121,75,88,164,236
138,0.9892241379310345,173.5,106,238,115,77,98,147,219
139,0.9556025369978859,167.0,103,225,124,75,104,160,209
140,1.0308370044052864,238.0,117,236,115,78,89,155,210
141,0.9117647058823529,89.5,94,214,126,90,86,166,224
142,0.9892008639308856,66.0,86,220,152,79,76,161,226
143,0.9334719334719335,101.0,103,227,119,70,84,187,210
144,0.9327731092436975,91.0,112,225,107,80,85,181,210
145,0.9661016949152542,205.0,109,229,118,72,92,176,204
146,0.8849372384937239,107.0,119,185,119,99,74,162,242
147,0.8707070707070707,27.0,89,226,116,74,101,174,220
148,0.8539553752535497,-9.0,105,198,118,86,99,179,215
149,0.9513742071881607,168.5,110,242,98,77,77,178,218
150,1.0043103448275863,237.5,121,206,139,70,79,160,225
151,0.9870410367170627,221.0,127,214,116,80,71,182,210
152,0.9288702928870293,221.0,105,214,125,78,108,150,220
153,0.9739130434782609,237.0,108,220,120,92,94,161,205
154,1.0219298245614035,256.5,103,231,132,78,81,150,225
155,0.9026369168356998,104.5,95,226,124,62,87,191,215
156,0.993421052631579,120.0,107,221,125,91,96,160,200
157,0.9978308026030369,199.5,107,238,115,79,85,150,226
158,0.8661257606490872,61.5,96,221,110,80,85,168,240
159,0.9389473684210526,206.0,107,210,129,79,90,138,247
160,0.9697624190064795,207.5,113,226,110,88,84,161,218
161,0.9052631578947369,134.0,99,218,113,95,94,177,204
162,0.9593147751605996,201.5,94,222,132,85,97,157,213
163,0.9449152542372882,125.0,129,211,106,82,79,168,225
164,0.9087136929460581,142.5,103,205,130,80,79,172,231
165,0.8906882591093117,41.0,79,242,119,66,77,176,241
166,0.9129511677282378,128.5,105,218,107,99,80,172,219
167,0.9192546583850931,120.5,109,219,116,73,83,176,224
168,0.9440860215053763,176.5,110,214,115,96,91,155,219
169,1.0419426048565121,208.5,104,235,133,75,89,156,208
170,0.8645418326693227,30.5,116,217,101,64,92,175,235
171,0.8514056224899599,48.0,106,197,121,78,100,157,241
172,0.8349900596421471,-29.5,93,226,101,77,90,189,224
173,0.9707112970711297,156.5,122,242,100,58,62,178,238
174,1.0460526315789473,338.5,118,225,134,67,90,154,212
175,0.9242105263157895,181.5,103,206,130,86,84,186,205
176,0.9869848156182213,172.5,104,230,121,84,88,152,221
177,0.9400826446280992,229.5,121,225,109,61,84,165,235
178,0.8496993987975952,48.5,107,198,119,77,103,162,234
179,0.9053497942386831,64.5,96,211,133,74,80,181,225
180,0.8800813008130082,73.5,99,211,123,75,81,194,217
181,0.8062622309197651,-37.0,109,189,114,77,77,178,256
182,0.9572649572649573,132.0,97,230,121,84,89,152,227
183,0.9557894736842105,207.0,133,216,105,71,74,160,241
184,1.0331858407079646,245.5,110,234,123,81,99,157,196
185,1.017391304347826,227.5,113,234,121,72,84,156,220
186,0.9077868852459017,132.0,104,218,121,69,85,177,226
187,0.8677354709418837,47.0,108,207,118,68,83,184,232
188,0.9848812095032398,206.0,106,228,122,81,77,155,231
189,0.9354166666666667,107.5,105,210,134,71,93,168,219
190,0.9288702928870293,154.0,110,223,111,78,84,167,227
191,0.9851380042462845,156.5,113,217,134,65,83,147,241
192,0.8536585365853658,-31.0,107,184,129,88,78,187,227
193,0.9456066945606695,193.0,103,226,123,70,83,176,219
194,0.8003992015968064,3.0,104,186,111,98,86,184,231
195,0.9493670886075949,198.0,104,207,139,76,95,177,202
196,1.0065217391304349,211.0,114,219,130,77,87,164,209
197,0.974025974025974,203.5,128,213,109,88,80,148,234
198,0.9390756302521008,90.5,99,227,121,77,95,145,236
199,0.9026915113871635,84.0,101,227,108,81,79,185,219
200,0.8217821782178217,-5.5,112,203,100,80,101,176,228
201,0.9130434782608695,191.5,125,213,103,76,88,166,229
202,0.9533898305084746,171.5,107,219,124,78,93,167,212
203,0.8714859437751004,3.0,105,216,113,68,102,173,223
204,0.8884297520661157,15.0,96,216,118,86,106,170,208
205,0.9513742071881607,170.5,96,232,122,77,99,175,199
206,0.9787234042553191,158.0,95,242,123,70,84,164,222
207,0.9956989247311828,162.0,96,242,125,72,76,163,226
208,0.8857142857142857,55.5,108,207,119,76,85,173,232
209,0.9891304347826086,175.5,128,221,106,85,91,160,209
210,0.9469214437367304,189.0,116,200,130,83,86,153,232
211,1.0108695652173914,183.5,100,248,117,75,74,160,226
212,0.8522954091816367,-25.5,109,198,120,72,93,183,225
213,0.8886597938144329,164.0,123,206,102,84,87,172,226
214,1.0484581497797356,249.5,121,230,125,70,73,178,203
215,1.0021881838074398,174.0,105,223,130,85,88,160,209
216,0.9495798319327731,143.5,105,225,122,72,90,161,225
217,0.9436325678496869,131.5,90,239,123,69,85,175,219
218,1.0065645514223194,236.5,108,222,130,83,89,144,224
219,0.8387096774193549,43.5,91,206,119,88,90,185,221
220,0.8739837398373984,80.0,119,217,94,78,108,184,200
221,0.8453815261044176,-10.0,95,210,116,81,87,179,232
222,0.862,40.0,118,209,104,69,83,179,238
223,0.9678111587982833,154.5,97,222,132,83,91,187,188
224,0.978494623655914,182.5,113,225,117,80,72,155,238
225,0.8199608610567515,28.5,105,199,115,70,85,181,245
226,0.9102296450939458,169.5,114,207,115,85,88,174,217
227,1.0736607142857142,372.0,130,213,138,71,78,151,219
228,0.87374749498998,49.5,101,213,122,65,83,212,204
229,0.9216101694915254,71.0,111,215,109,93,97,170,205
230,0.993421052631579,137.5,104,230,119,91,78,151,227
231,0.9829059829059829,160.0,107,230,123,72,71,174,223
232,0.8163672654690619,-100.5,92,210,107,90,97,182,222
233,0.8812877263581489,67.5,112,203,123,65,91,167,239
234,0.8646464646464647,39.0,97,213,118,77,85,172,238
235,1.0,109.0,111,229,123,74,89,160,214
236,0.8790322580645161,137.5,118,202,116,68,95,185,216
237,0.8662551440329218,10.5,99,211,111,93,81,178,227
238,0.9785867237687366,138.5,106,225,126,76,84,167,216
239,0.9578947368421052,184.5,99,239,117,70,94,157,224
240,0.927536231884058,147.5,127,205,116,69,89,164,230
241,0.8920570264765784,50.0,105,203,130,71,66,185,240
242,0.8428290766208252,122.0,94,235,100,62,91,199,219
243,1.024175824175824,154.5,114,236,116,79,82,155,218
244,1.019736842105263,259.5,119,216,130,79,75,170,211
245,0.9764453961456103,217.5,94,236,126,77,75,163,229
246,1.0044345898004434,277.5,113,222,118,96,72,184,195
247,0.8989473684210526,154.0,99,211,117,98,88,164,223
248,0.864476386036961,62.5,103,214,104,92,93,181,213
249,1.0334075723830736,292.0,119,232,113,87,69,167,213
250,0.9294605809128631,83.5,115,217,116,70,84,169,229
251,0.8493975903614458,26.5,114,199,110,79,98,160,240
252,0.8674698795180723,50.0,103,209,120,70,106,169,223
253,0.879837067209776,48.0,113,213,106,77,80,184,227
254,0.82,1.5,99,211,100,90,95,172,233
255,0.8464566929133859,23.5,102,210,118,62,90,183,235
256,0.906054279749478,106.0,113,209,112,87,92,162,225
257,0.9367088607594937,137.5,112,201,131,82,73,172,229
258,0.8389662027833003,-4.0,99,209,114,75,100,181,222
259,0.9008438818565401,39.5,100,208,119,99,86,163,225
260,0.8778004073319755,80.0,112,204,115,78,97,187,207
261,0.8617886178861789,54.5,97,201,126,84,88,181,223
262,0.94375,160.0,113,223,117,67,92,172,216
263,0.9164926931106472,172.0,108,216,115,82,82,191,206
264,0.9430379746835443,178.5,115,223,109,79,104,172,198
265,1.019736842105263,282.5,110,222,133,79,76,154,226
266,0.8985507246376812,64.5,102,217,115,83,84,179,220
267,0.8909465020576132,62.5,105,209,119,81,90,161,235
268,0.9327731092436975,193.5,122,206,116,80,87,175,214
269,0.9409282700421941,171.5,114,217,115,80,81,172,221
270,0.846,-23.5,98,214,111,77,86,162,252
271,0.8993839835728953,55.5,94,224,120,75,90,167,230
272,0.9136842105263158,190.5,103,226,105,91,86,150,239
273,0.8800813008130082,102.5,115,195,123,75,97,175,220
274,0.9767932489451476,183.0,121,204,138,63,92,174,208
275,0.8210735586481114,-1.0,93,201,119,84,97,183,223
276,0.8747474747474747,87.5,104,219,110,72,77,189,229
277,0.8346613545816733,-1.5,95,213,111,79,86,170,246
278,0.91875,149.0,112,218,111,79,88,183,209
279,0.923728813559322,67.5,91,220,125,92,95,148,229
280,1.0131868131868131,193.0,96,233,132,84,72,168,215
281,0.9351464435146444,125.5,104,234,109,75,100,169,209
282,0.9935760171306209,181.5,105,231,128,69,87,175,205
283,0.8991935483870968,108.5,111,230,105,58,84,176,236
284,0.9978401727861771,210.0,109,229,124,75,81,158,224
285,0.9420289855072463,133.5,103,222,130,62,77,194,212
286,0.8470824949698189,3.0,101,222,98,82,88,184,225
287,0.8757763975155279,68.5,106,213,104,94,87,167,229
288,1.0131004366812226,239.5,106,221,137,78,92,168,198
289,0.8925619834710744,67.5,101,237,94,84,75,176,233
290,0.9208333333333333,243.0,121,202,119,78,88,166,226
291,0.9934782608695653,190.5,111,212,134,83,80,144,236
292,0.9519832985386222,127.5,116,229,111,65,87,171,221
293,0.9890829694323144,201.5,108,215,130,89,84,153,221
294,0.9375,176.0,122,224,104,70,109,150,221
295,0.9166666666666666,104.5,102,219,119,80,92,170,218
296,0.9154639175257732,186.0,111,227,106,71,97,172,216
297,0.9010309278350516,61.0,92,219,126,78,92,169,224
298,0.9132231404958677,132.0,110,217,115,74,89,167,228
299,0.8907216494845361,107.0,116,207,109,83,92,168,225
300,0.885480572597137,118.5,104,211,118,78,82,175,232
301,0.9331941544885177,101.5,107,226,114,74,94,178,207
302,1.050660792951542,268.0,119,237,121,69,66,183,205
303,0.9613733905579399,268.5,110,221,117,86,81,174,211
304,0.8615071283095723,51.0,110,204,109,86,99,183,209
305,1.0129310344827587,146.5,108,228,134,66,82,158,224
306,0.9081419624217119,147.5,117,204,114,86,85,165,229
307,0.8909465020576132,110.5,110,219,104,81,91,175,220
308,0.961864406779661,99.5,94,217,143,74,75,164,233
309,0.9279835390946503,180.5,120,212,119,63,87,178,221
310,1.1070615034168565,324.0,116,263,107,75,66,160,213
311,0.9376299376299376,104.5,112,198,141,68,78,178,225
312,0.9156378600823045,100.5,108,224,113,69,77,170,239
313,0.8861283643892339,85.5,119,202,107,89,83,180,220
314,1.1093394077448746,363.0,117,227,143,74,82,144,213
315,0.8884381338742393,66.0,98,221,119,69,90,174,229
316,0.8635437881873728,20.0,96,201,127,85,95,188,208
317,0.8950617283950617,29.5,85,230,120,79,80,176,230
318,0.8884297520661157,115.5,105,208,117,86,74,177,233
319,0.8363636363636363,61.5,111,212,91,91,96,167,232
320,0.8711656441717791,62.5,102,207,117,85,85,185,219
321,0.9912087912087912,195.5,99,237,115,94,83,163,209
322,1.030701754385965,188.0,117,236,117,74,72,172,212
323,0.8230616302186878,-13.0,96,204,114,83,80,162,261
324,0.8902439024390244,103.0,101,227,110,70,104,153,235
325,0.9469214437367304,139.0,109,220,117,83,68,175,228
326,0.941544885177453,128.0,107,220,124,70,98,165,216
327,0.9956331877729258,241.5,118,234,104,86,80,168,210
328,0.9537815126050421,172.0,116,208,130,70,85,158,233
329,0.9743589743589743,150.0,119,216,121,76,97,170,201
330,0.8034682080924855,-1.5,114,197,106,64,102,179,238
331,0.8952772073921971,125.0,101,222,113,77,95,162,230
332,0.9446808510638298,124.0,106,222,116,86,80,173,217
333,0.9141104294478528,178.5,111,217,119,64,95,158,236
334,0.974304068522484,175.5,111,224,120,78,79,161,227
335,0.9154639175257732,69.5,91,220,133,71,103,158,224
336,0.9426751592356688,202.5,107,221,116,85,81,164,226
337,0.9464668094218416,221.5,114,217,111,91,95,150,222
338,0.8653061224489796,66.0,118,206,100,86,83,183,224
339,0.9617021276595744,190.5,123,210,119,78,74,161,235
340,0.968421052631579,217.0,98,256,106,65,92,160,223
341,0.9741379310344828,173.5,90,228,134,84,78,175,211
342,0.91701244813278,159.5,111,221,110,76,81,179,222
343,1.0264900662251655,315.5,117,219,129,82,77,156,220
344,0.8588709677419355,24.5,103,207,116,78,92,179,225
345,0.951063829787234,154.0,124,218,105,83,97,165,208
346,0.9723991507430998,233.5,127,195,136,71,92,171,208
347,0.949685534591195,180.5,102,236,115,70,81,160,236
348,0.8981670061099797,58.5,101,211,129,68,85,165,241
349,0.858,25.5,110,216,103,71,89,173,238
350,0.852,85.0,111,205,110,74,86,169,245
351,0.9721627408993576,190.0,118,209,127,79,86,182,199
352,0.8677685950413223,35.0,106,203,111,96,80,172,232
353,0.961864406779661,201.5,118,195,141,74,92,158,222
354,1.0447427293064877,263.5,119,222,126,86,70,161,216
355,0.8548387096774194,-4.0,106,202,116,80,92,157,247
356,1.0021645021645023,277.5,127,216,120,75,90,157,215
357,0.9870410367170627,168.0,115,227,115,80,91,139,233
358,0.8003875968992248,-72.0,86,219,108,71,88,178,250
359,1.0043103448275863,196.0,116,236,114,70,62,180,222
360,0.8823529411764706,41.5,116,201,118,72,93,159,241
361,0.9827213822894169,204.0,111,208,136,82,99,167,197
362,1.0812641083521444,329.5,110,213,156,78,88,157,198
363,0.8995901639344263,128.5,108,210,121,73,90,155,243
364,0.9657387580299786,226.5,113,215,123,82,90,172,205
365,1.0308370044052864,244.0,118,224,126,78,91,169,194
366,1.0154185022026432,188.5,110,225,126,85,83,162,209
367,0.9760869565217392,238.0,105,227,117,91,78,162,220
368,0.8376753507014028,-39.5,97,214,107,83,93,177,229
369,0.9315352697095436,175.0,103,235,111,69,87,184,211
370,0.9375,151.0,99,242,109,70,81,171,228
371,1.0497737556561086,231.0,118,219,127,94,91,155,196
372,0.9412997903563941,187.5,124,209,116,74,80,183,214
373,0.9766949152542372,193.0,114,226,121,67,88,163,221
374,0.9934782608695653,234.0,103,241,113,83,76,156,228
375,0.8940936863543788,105.5,117,205,117,70,105,156,230
376,0.9098360655737705,79.0,112,213,119,68,79,162,247
377,0.9224318658280922,36.5,88,232,120,83,96,175,206
378,0.970276008492569,154.0,113,210,134,72,77,183,211
379,1.017353579175705,242.0,119,230,120,70,75,172,214
380,0.9008264462809917,105.0,102,215,119,80,88,178,218
381,1.0216919739696313,227.0,119,217,135,68,89,151,221
382,0.9609544468546638,227.5,123,197,123,96,94,142,225
383,0.9219712525667351,148.5,115,216,118,64,86,163,238
384,0.8773006134969326,42.5,102,219,108,82,73,169,247
385,0.9117043121149897,62.0,93,213,138,69,85,181,221
386,1.0042735042735043,187.5,115,241,114,62,74,158,236
387,0.959915611814346,208.0,135,210,110,71,89,177,208
388,0.8403193612774451,-61.5,101,200,120,78,94,186,221
389,0.8944099378881988,78.0,95,211,126,85,96,169,218
390,0.9978021978021978,204.0,114,220,120,91,66,177,212
391,1.0132450331125828,197.0,107,214,138,88,83,139,231
392,0.9747368421052631,154.0,121,235,107,62,93,159,223
393,0.9674620390455532,163.0,112,216,118,93,75,144,242
394,0.9049586776859504,100.5,101,221,116,78,85,164,235
395,0.9487179487179487,100.0,103,219,122,88,85,166,217
396,0.9741935483870968,177.0,107,221,125,82,74,170,221
397,0.9532908704883227,111.5,105,209,135,80,97,169,205
398,0.8717434869739479,106.5,103,212,120,66,90,183,226
399,0.9355509355509356,218.5,125,195,130,69,87,163,231
400,0.8631790744466801,57.5,119,187,123,74,84,187,226
401,0.9201680672268907,129.0,96,227,115,86,88,162,226
402,0.9242105263157895,123.5,98,211,130,86,96,157,222
403,0.9055441478439425,148.0,114,204,123,72,110,149,228
404,0.8985507246376812,108.0,105,203,126,83,77,157,249
405,0.9323467230443975,139.0,108,215,118,86,80,168,225
406,0.8511066398390342,11.0,98,210,115,80,79,177,241
407,0.9935622317596566,148.0,104,237,122,71,106,155,205
408,0.951271186440678,57.5,90,246,113,79,73,173,226
409,0.9324894514767933,44.5,94,218,130,84,102,153,219
410,1.030905077262693,225.5,104,226,137,80,88,154,211
411,0.9935483870967742,209.0,117,232,113,73,93,161,211
412,1.1241217798594847,368.5,121,230,129,93,66,147,214
413,0.8979591836734694,104.5,100,228,112,70,92,181,217
414,1.0021598272138228,283.5,119,225,120,73,92,164,207
415,0.8336633663366336,5.5,106,207,108,74,76,209,220
416,0.9726315789473684,204.5,119,222,121,63,94,172,209
417,0.8815261044176707,86.5,104,211,124,63,94,170,234
418,0.9393305439330544,151.5,118,210,121,73,89,178,211
419,0.875,56.0,119,208,107,70,88,180,228
420,0.8611670020120724,52.0,97,209,122,75,105,168,224
421,0.9225941422594143,132.0,99,228,114,81,84,182,212
422,0.9004149377593361,159.0,119,201,114,84,83,165,234
423,0.9053497942386831,107.0,100,217,123,74,91,180,215
424,1.0241228070175439,267.0,113,232,122,77,86,168,202
425,1.037037037037037,319.5,129,213,134,65,85,163,211
426,0.8264299802761341,21.5,97,211,111,74,105,183,219
427,0.7614503816793893,-15.0,102,183,114,77,111,190,223
428,0.8821138211382114,73.5,87,225,122,74,91,168,233
429,0.9828326180257511,186.5,119,202,137,76,102,168,196
430,0.8475247524752475,88.5,112,200,116,67,99,177,229
431,0.9517819706498952,151.5,117,215,122,69,83,173,221
432,0.8661257606490872,36.5,113,204,110,80,87,162,244
433,1.0155555555555555,187.5,109,211,137,93,70,159,221
434,0.9273858921161826,152.0,107,221,119,71,76,198,208
435,0.8612244897959184,9.0,106,190,126,88,99,173,218
436,0.9472573839662447,96.5,105,219,125,77,83,178,213
437,0.8934426229508197,160.0,112,205,119,76,84,178,226
438,0.9744680851063829,136.5,116,216,126,72,91,178,201
439,0.8775100401606426,107.5,114,219,104,65,110,164,224
440,0.8519269776876268,42.5,97,199,124,87,94,179,220
441,0.9227557411273486,160.5,102,227,113,79,73,181,225
442,0.9087136929460581,106.0,108,217,113,80,85,176,221
443,0.9845814977973568,143.5,122,203,122,99,91,168,195
444,0.978401727861771,132.5,99,237,117,84,80,154,229
445,0.9190871369294605,96.5,129,205,109,75,90,163,229
446,0.9347368421052632,126.5,105,236,103,81,87,176,212
447,0.9300411522633745,96.5,123,215,114,62,106,165,215
448,0.8765432098765432,36.5,102,213,111,88,94,155,237
449,1.0376106194690264,256.5,113,227,129,79,92,174,186
450,0.9978118161925602,178.0,110,234,112,87,86,162,209
451,1.0727272727272728,290.0,114,247,111,88,78,167,195
452,0.9725738396624473,220.5,115,228,118,65,74,170,230
453,0.8893528183716075,68.0,108,219,99,95,86,168,225
454,0.8778004073319755,62.0,107,202,122,78,89,192,210
455,0.8646464646464647,88.5,101,215,112,77,83,163,249
456,0.9537815126050421,113.0,94,226,134,70,85,177,214
457,0.8930041152263375,47.0,111,223,100,80,80,185,221
458,1.0281385281385282,206.5,110,223,142,63,82,158,222
459,0.9451476793248945,137.5,99,218,131,78,92,157,225
460,0.9036885245901639,113.5,104,218,119,71,90,166,232
461,1.0,152.5,99,244,124,66,76,178,213
462,0.8957055214723927,102.0,98,236,104,73,97,170,222
463,0.9722222222222222,183.0,109,222,124,77,76,161,231
464,0.8993839835728953,73.5,100,206,132,75,91,182,214
465,0.9113924050632911,98.0,108,213,111,94,86,171,217
466,0.9721030042918455,129.5,103,214,136,81,87,165,214
467,0.961864406779661,138.5,92,224,138,74,100,175,197
468,0.9323770491803278,168.0,101,221,133,57,85,200,203
469,0.8934426229508197,98.0,110,228,98,76,86,176,226
470,0.9766454352441614,168.0,111,230,119,69,82,176,213
471,0.9205020920502092,90.5,98,231,111,82,92,185,201
472,0.8153241650294696,-4.0,103,190,122,76,107,176,226
473,0.9166666666666666,60.5,101,208,131,80,77,183,220
474,0.800383877159309,-37.0,111,190,116,62,98,190,233
475,1.0635964912280702,182.0,114,230,141,59,93,159,204
476,0.8453815261044176,-57.5,89,228,104,81,96,172,230
477,0.9043659043659044,69.0,96,233,106,84,89,165,227
478,0.9468085106382979,116.5,109,234,102,85,94,144,232
479,0.9665271966527197,140.0,113,215,134,60,77,169,232
480,0.9493670886075949,199.0,105,237,108,76,70,178,226
481,0.8977505112474438,129.5,110,206,123,72,95,169,225
482,0.9682203389830508,120.0,91,246,120,71,86,163,223
483,0.9409282700421941,230.5,119,217,110,80,93,145,236
484,0.9597457627118644,180.0,119,224,110,75,90,156,226
485,1.0151843817787418,238.0,122,215,131,71,71,166,224
486,1.047191011235955,211.0,115,230,121,89,79,171,195
487,0.9555084745762712,118.5,106,228,117,77,84,160,228
488,0.896049896049896,126.5,113,206,112,88,90,177,214
489,0.9309623430962343,156.0,109,203,133,77,85,158,235
490,0.9394572025052192,173.5,106,223,121,71,91,170,218
491,0.8565656565656565,68.0,112,210,102,81,98,175,222
492,0.8707070707070707,16.0,97,217,117,74,87,177,231
493,0.9488272921108742,85.5,118,216,111,86,84,168,217
494,0.8948453608247423,132.5,120,202,112,81,89,164,232
495,0.9745222929936306,81.0,100,251,108,70,74,178,219
496,0.9449152542372882,227.5,108,223,115,82,87,165,220
497,0.9098360655737705,88.0,110,221,113,68,90,161,237
498,0.9297520661157025,93.5,119,219,112,66,87,161,236
499,0.9978401727861771,227.5,102,228,132,75,69,170,224
500,0.9639065817409767,194.5,107,224,123,75,84,163,224
501,0.8940936863543788,99.0,98,213,128,70,80,180,231
502,0.9290187891440501,199.5,112,210,123,76,73,173,233
503,0.930672268907563,164.0,97,230,116,81,85,171,220
504,0.9700214132762313,124.5,97,232,124,80,84,166,217
505,0.9912854030501089,206.0,103,223,129,86,91,154,214
506,1.0609480812641083,310.0,122,225,123,87,75,157,211
507,0.9042769857433809,21.0,92,206,146,65,104,157,230
508,0.9600840336134454,128.5,97,229,131,67,81,187,208
509,0.9637526652452025,118.5,117,205,130,79,85,160,224
510,0.8496993987975952,41.0,117,213,94,77,84,193,222
511,0.8476953907815631,42.0,94,216,113,78,89,183,227
512,1.0334821428571428,162.0,108,241,114,89,87,157,204
513,0.956989247311828,108.5,108,215,122,90,97,152,216
514,0.9294605809128631,215.5,112,220,116,70,90,195,197
515,0.9827956989247312,208.0,103,215,139,78,87,158,220
516,1.0154185022026432,293.5,114,228,119,85,93,164,197
517,0.8813905930470347,-12.0,91,218,122,80,96,169,224
518,0.8453815261044176,33.0,97,215,109,81,76,167,255
519,0.9849785407725322,205.5,106,234,119,75,94,170,202
520,0.9201680672268907,112.0,114,216,108,86,79,157,240
521,0.9164926931106472,74.0,103,224,112,82,95,179,205
522,0.9786780383795309,174.5,97,233,129,72,61,168,240
523,0.9518828451882845,134.0,112,214,129,67,79,168,231
524,0.9578947368421052,133.0,102,227,126,70,95,146,234
525,0.9382978723404255,153.0,110,210,121,89,86,168,216
526,0.9376299376299376,148.5,98,219,134,68,83,169,229
527,0.9789029535864979,168.0,100,227,137,62,85,180,209
528,1.0216919739696313,246.5,109,211,151,68,72,159,230
529,0.8393574297188755,6.0,114,192,112,84,102,167,229
530,1.002183406113537,347.5,122,208,129,83,78,171,209
531,0.9531914893617022,80.5,110,211,127,82,89,166,215
532,0.9764453961456103,162.5,107,222,127,77,76,156,235
533,1.026431718061674,264.5,116,225,125,80,90,168,196
534,0.9327731092436975,94.0,108,209,127,80,88,172,216
535,1.060674157303371,273.5,125,235,112,83,84,152,209
536,0.9476987447698745,122.0,117,212,124,69,90,164,224
537,0.8489065606361829,18.0,102,218,107,70,86,185,232
538,0.8229571984435797,5.0,83,225,115,63,104,171,239
539,0.8615071283095723,26.0,94,213,116,86,98,149,244
540,0.8902195608782435,110.0,116,215,115,53,94,164,243
541,0.8697394789579158,91.0,103,215,116,67,99,180,220
542,1.0086767895878526,227.5,113,232,120,74,86,161,214
543,0.9451476793248945,56.5,100,229,119,78,82,154,238
544,0.9956709956709957,173.0,109,222,129,78,94,149,219
545,0.8818737270875764,140.0,110,203,120,76,85,171,235
546,1.0065217391304349,249.0,96,239,128,77,89,156,215
547,0.8991769547325102,75.0,110,216,111,77,92,161,233
548,0.9221052631578948,137.0,110,218,110,87,95,189,191
549,0.85,12.5,116,189,120,75,112,149,239
550,1.0663716814159292,276.0,110,228,144,66,89,156,207
551,0.9870410367170627,270.5,122,229,106,80,87,153,223
552,0.9384288747346072,165.5,94,228,120,87,107,150,214
553,0.8879837067209776,94.5,112,230,94,73,90,170,231
554,0.9580712788259959,194.0,122,219,116,66,99,177,201
555,0.8483033932135728,14.5,110,186,129,74,97,170,234
556,0.8556910569105691,9.0,93,226,102,87,91,185,216
557,0.9094736842105263,114.0,97,222,113,93,87,161,227
558,1.033259423503326,297.0,110,244,112,83,98,153,200
559,0.9331941544885177,102.0,105,217,125,74,75,193,211
560,0.9142259414225942,112.0,109,185,143,85,82,183,213
561,0.9913606911447084,200.5,119,217,123,78,100,153,210
562,1.0938215102974829,301.0,108,243,127,85,88,145,204
563,0.865979381443299,44.0,105,207,108,95,87,158,240
564,0.9260042283298098,110.5,107,207,124,89,85,168,220
565,0.9767441860465116,196.0,117,233,112,65,81,180,212
566,0.9177215189873418,122.5,92,219,124,91,90,151,233
567,0.8551020408163266,30.5,107,208,104,91,84,188,218
568,0.9125,110.5,107,208,123,82,96,183,201
569,0.9445628997867804,97.5,111,216,116,88,77,174,218
570,0.8931451612903226,139.5,116,202,125,61,93,176,227
571,0.8800813008130082,28.5,99,210,124,75,73,201,218
572,0.907258064516129,128.0,127,218,105,54,87,189,220
573,1.0844748858447488,343.0,123,222,130,87,83,149,206
574,0.9591397849462365,162.0,99,237,110,89,88,167,210
575,1.0266075388026608,236.0,102,236,125,86,67,164,220
576,0.8800813008130082,121.5,115,224,94,75,80,172,240
577,0.9656652360515021,120.5,99,213,138,84,82,165,219
578,0.9287211740041929,152.0,93,219,131,80,94,171,212
579,1.0331858407079646,211.5,110,224,133,81,88,160,204
580,0.9180672268907563,250.5,113,213,111,87,98,165,213
581,1.1050228310502284,290.0,115,233,136,78,74,155,209
582,1.1004566210045663,300.0,118,237,127,80,90,154,194
583,0.961864406779661,193.5,107,230,117,74,95,165,212
584,0.9913419913419913,88.0,101,243,114,80,92,157,213
585,0.8979166666666667,36.0,111,199,121,89,98,160,222
586,1.0307692307692307,289.0,135,213,121,76,97,154,204
587,0.9803921568627451,140.0,102,235,113,91,76,172,211
588,0.9206680584551148,105.5,108,214,119,80,79,171,229
589,0.9721627408993576,197.0,111,237,106,79,88,165,214
590,0.8985507246376812,8.0,96,218,120,83,86,192,205
591,0.8545816733067729,41.5,111,213,105,69,83,190,229
592,0.9678800856531049,107.0,110,208,134,81,83,182,202
593,0.9804772234273319,169.0,96,239,117,87,81,164,216
594,0.9470338983050848,132.0,107,224,116,81,86,154,232
595,0.8977505112474438,86.5,113,212,114,72,90,168,231
596,0.7925636007827789,-19.5,100,196,109,84,107,189,215
597,0.9281183932346723,138.0,115,205,119,88,73,171,229
598,0.9534883720930233,213.5,110,223,118,76,87,178,208
599,0.961456102783726,108.0,114,223,112,84,80,178,209
600,0.9634408602150538,230.0,110,225,113,87,92,158,215
601,1.0522875816993464,221.0,104,243,136,58,79,155,225
602,1.0021645021645023,240.5,117,213,133,75,94,151,217
603,0.8287937743190662,7.5,110,210,106,60,79,184,251
604,1.0461538461538462,334.0,124,228,124,69,92,156,207
605,0.8167330677290837,-1.0,89,208,113,88,82,193,227
606,0.987152034261242,169.5,108,251,102,72,85,170,212
607,0.864,111.5,112,203,117,68,96,169,235
608,1.0730593607305936,240.5,100,242,128,92,77,154,207
609,0.9380165289256198,157.0,103,227,124,62,79,179,226
610,0.8805668016194332,-23.0,106,221,108,71,84,175,235
611,1.0264900662251655,240.5,120,235,110,82,75,177,201
612,0.9807280513918629,195.0,113,221,124,75,83,174,210
613,0.9847494553376906,182.5,115,224,113,89,76,165,218
614,0.8180039138943248,-37.5,84,200,134,71,98,175,238
615,1.0043859649122806,166.0,121,208,129,86,71,150,235
616,0.9531914893617022,143.5,110,233,105,82,92,155,223
617,0.9214876033057852,120.5,111,225,110,70,84,186,214
618,1.0,263.0,116,201,143,80,80,162,218
619,0.9653679653679653,184.0,105,219,122,92,87,156,219
620,0.9164926931106472,130.5,101,202,136,82,80,177,222
621,0.9098360655737705,15.5,98,199,147,68,91,171,226
622,0.9727463312368972,196.5,112,231,121,59,96,163,218
623,1.14519906323185,321.5,111,243,135,84,86,147,194
624,0.8993839835728953,116.5,107,201,130,75,90,156,241
625,1.0641592920353982,279.0,106,237,138,67,86,161,205
626,0.9511677282377919,268.5,116,215,117,81,85,178,208
627,0.8742393509127789,15.5,107,209,115,76,79,169,245
628,0.9497907949790795,186.5,115,226,113,68,86,166,226
629,0.8726899383983573,43.0,108,219,98,88,85,187,215
630,0.9526881720430107,161.5,115,226,102,92,81,166,218
631,0.9612068965517241,102.0,87,223,136,90,88,161,215
632,1.0,247.0,118,217,126,78,85,166,210
633,0.9596602972399151,244.5,114,227,111,77,78,169,224
634,0.8827160493827161,74.0,108,220,101,85,98,163,225
635,0.9676724137931034,212.5,119,226,104,87,77,164,223
636,0.9531914893617022,152.5,91,220,137,82,81,163,226
637,0.874,81.0,107,217,113,63,87,188,225
638,1.0021551724137931,208.0,119,216,130,71,90,162,212
639,0.8724696356275303,22.5,107,185,139,75,86,173,235
640,0.8805668016194332,95.5,108,222,105,71,90,162,242
641,1.0086206896551724,158.5,113,239,116,68,90,161,213
642,0.978448275862069,81.5,103,224,127,82,86,154,224
643,0.9530916844349681,161.5,107,226,114,84,87,174,208
644,0.9684873949579832,257.0,113,231,117,63,77,163,236
645,0.9509594882729211,143.5,112,238,96,85,85,157,227
646,0.9532908704883227,247.5,110,224,115,80,82,196,193
647,0.9276595744680851,187.0,105,209,122,94,90,169,211
648,0.9022403258655805,120.0,103,226,114,66,96,186,209
649,0.980561555075594,207.5,104,224,126,83,86,149,228
650,0.8562874251497006,-58.0,110,193,126,70,103,199,199
651,0.9538784067085954,242.0,122,206,127,68,82,180,215
652,0.9232365145228216,76.0,103,212,130,73,79,172,231
653,0.8991769547325102,131.5,110,211,116,77,97,179,210
654,0.9514767932489452,184.0,120,201,130,75,88,171,215
655,0.9632034632034632,191.0,115,201,129,93,81,167,214
656,1.0130151843817787,253.5,119,220,128,72,84,151,226
657,0.8153241650294696,76.5,125,192,98,76,92,181,236
658,0.9201680672268907,118.0,103,216,119,86,100,166,210
659,0.9447983014861996,108.0,105,230,110,84,75,180,216
660,0.948936170212766,101.5,94,240,112,84,78,153,239
661,0.9425531914893617,61.5,101,231,111,87,81,181,208
662,0.9175257731958762,107.5,103,223,119,70,85,173,227
663,0.8588709677419355,81.5,117,191,118,78,98,178,220
664,0.8571428571428571,32.0,93,207,120,90,86,180,224
665,1.0459518599562363,353.0,123,222,133,65,91,163,203
666,1.0327510917030567,196.0,115,225,133,69,83,158,217
667,0.8767676767676768,48.5,101,222,111,71,110,144,241
668,0.9461206896551724,168.0,92,238,109,97,84,173,207
669,0.9092783505154639,154.0,110,210,121,74,101,172,212
670,0.8962655601659751,49.5,95,219,118,86,81,164,237
671,0.986870897155361,226.5,112,220,119,92,85,155,217
672,0.8492871690427699,30.5,104,201,112,92,76,168,247
673,0.9347368421052632,91.5,102,208,134,81,103,166,206
674,0.9849137931034483,268.0,105,232,120,79,86,160,218
675,0.874,57.5,101,224,112,63,82,182,236
676,0.8627049180327869,40.5,114,201,106,91,88,173,227
677,0.9072164948453608,117.0,117,223,100,75,79,183,223
678,0.9914346895074947,242.0,102,209,152,70,92,155,220
679,0.9533898305084746,188.5,104,224,122,78,84,155,233
680,0.9466950959488273,149.5,108,230,106,87,89,167,213
681,0.8906882591093117,53.0,117,213,110,66,99,157,238
682,0.8954918032786885,103.0,108,207,122,75,87,177,224
683,0.9227557411273486,160.0,93,220,129,79,78,165,236
684,0.8877551020408163,59.0,116,207,112,75,92,170,228
685,1.0043572984749456,154.5,117,226,118,80,80,154,225
686,0.8413654618473896,-70.5,83,229,107,83,91,166,241
687,0.9302325581395349,138.0,114,202,124,87,88,171,214
688,0.9240246406570842,140.0,120,212,118,63,97,175,215
689,0.9892241379310345,158.0,107,232,120,77,85,155,224
690,0.807920792079208,-106.0,106,205,97,87,82,184,239
691,0.9109730848861284,89.0,99,215,126,77,93,153,237
692,0.9719222462203023,167.5,111,224,115,87,75,183,205
693,1.0175054704595186,267.5,110,233,122,78,93,139,225
694,0.9100418410041841,142.0,106,211,118,87,83,156,239
695,0.8626262626262626,-10.5,105,195,127,78,90,175,230
696,0.8877551020408163,164.5,116,216,103,75,99,171,220
697,0.9681528662420382,92.0,117,221,118,73,78,177,216
698,0.9701492537313433,147.5,111,234,110,76,98,166,205
699,0.9520833333333333,214.5,127,211,119,63,72,172,236
700,0.9414225941422594,80.0,111,223,116,72,76,171,231
701,1.024498886414254,282.5,110,234,116,91,95,155,199
702,1.0306345733041575,227.0,110,230,131,72,84,153,220
703,1.021551724137931,247.5,95,253,126,62,80,178,206
704,0.832,8.5,109,207,100,84,94,180,226
705,1.0242825607064017,224.5,120,216,128,83,79,154,220
706,0.948936170212766,121.0,94,223,129,84,82,164,224
707,0.8966942148760331,171.0,105,210,119,82,90,176,218
708,0.9451476793248945,73.5,115,216,117,78,87,175,212
709,0.9128630705394191,100.5,95,230,115,78,91,173,218
710,0.8997955010224948,139.5,98,243,99,71,87,177,225
711,0.9722814498933902,169.0,105,235,116,75,82,161,226
712,0.9245283018867925,76.5,105,222,114,82,87,174,216
713,0.976545842217484,206.0,96,229,133,73,83,145,241
714,0.8582995951417004,82.0,95,200,129,82,94,177,223
715,1.0194805194805194,216.0,132,231,108,67,85,165,212
716,1.0351648351648353,269.0,119,250,102,74,69,178,208
717,0.850597609561753,-22.0,86,229,112,71,83,173,246
718,0.920997920997921,11.0,91,221,131,76,91,178,212
719,1.037037037037037,271.0,106,250,120,65,76,181,202
720,0.995575221238938,228.0,120,216,114,98,89,174,189
721,0.8562874251497006,28.0,109,206,114,70,83,195,223
722,0.9490445859872612,129.5,105,231,111,82,94,168,209
723,0.9089026915113871,63.5,99,227,113,78,68,192,223
724,0.9324894514767933,50.0,115,213,114,84,102,172,200
725,0.8680412371134021,45.5,100,210,111,94,98,187,200
726,1.0109170305676856,269.5,110,230,123,79,76,166,216
727,0.9447983014861996,135.0,115,214,116,84,80,175,216
728,0.9635193133047211,151.0,91,222,136,85,91,164,211
729,0.9956331877729258,199.5,103,236,117,86,77,164,217
730,0.9427966101694916,53.5,96,247,102,83,83,182,207
731,1.052863436123348,190.0,105,241,132,68,87,164,203
732,0.9351464435146444,105.0,100,236,111,75,103,163,212
733,0.9592274678111588,157.5,107,220,120,87,84,168,214
734,0.831013916500994,-33.5,95,196,127,79,81,197,225
735,0.9290187891440501,122.0,107,230,108,76,81,175,223
736,0.9128630705394191,60.5,104,224,112,78,84,185,213
737,0.9368421052631579,123.0,120,199,126,80,78,164,233
738,0.9330543933054394,257.0,107,206,133,76,88,167,223
739,0.8959183673469387,126.5,107,213,119,71,79,163,248
740,1.0663716814159292,354.0,128,240,114,66,83,171,198
741,0.925,107.0,114,211,119,76,88,161,231
742,0.94375,212.5,118,213,122,67,88,189,203
743,0.9651416122004357,83.0,113,201,129,98,91,143,225
744,0.8966942148760331,31.0,99,202,133,82,81,170,233
745,0.9463519313304721,103.0,109,197,135,93,80,160,226
746,0.8688524590163934,67.5,101,203,120,88,92,165,231
747,0.9203354297693921,92.0,106,224,109,84,105,158,214
748,0.8466135458167331,-22.0,101,208,116,73,93,191,218
749,0.9659574468085106,174.5,99,208,147,76,76,169,225
750,0.8568548387096774,-24.5,91,214,120,79,93,191,212
751,0.9490445859872612,148.5,112,212,123,82,85,162,224
752,0.9140461215932913,85.5,103,210,123,87,99,160,218
753,1.006578947368421,200.0,108,222,129,85,79,157,220
754,0.9083333333333333,106.0,114,207,115,84,86,171,223
755,1.039387308533917,192.5,105,242,128,68,90,166,201
756,0.8760330578512396,93.0,97,210,117,92,98,177,209
757,0.8765432098765432,36.0,89,213,124,88,85,178,223
758,0.9055441478439425,40.0,110,202,129,72,84,168,235
759,1.0131868131868131,287.5,117,223,121,84,94,167,194
760,0.9278350515463918,214.0,110,206,134,65,85,175,225
761,0.9978308026030369,230.0,104,222,134,79,87,163,211
762,0.9572649572649573,123.5,104,214,130,84,88,161,219
763,0.9452631578947368,174.5,105,227,117,76,98,183,194
764,1.0420353982300885,222.0,110,238,123,77,87,154,211
765,0.8605577689243028,110.5,116,213,103,66,87,178,237
766,0.9036885245901639,91.0,101,222,118,71,74,175,239
767,1.002145922746781,179.0,114,222,131,67,76,175,215
768,0.9478079331941545,164.0,102,220,132,67,87,161,231
769,0.9178947368421052,102.0,107,202,127,89,84,168,223
770,0.9361702127659575,93.0,111,212,117,90,92,180,198
771,0.8591549295774648,94.5,102,215,110,76,86,187,224
772,0.948936170212766,149.0,98,224,124,84,102,135,233
773,1.1045454545454545,365.0,110,236,140,74,64,159,217
774,1.0486725663716814,315.5,121,230,123,74,73,168,211
775,1.0043572984749456,215.5,125,221,115,80,77,184,198
776,0.9287211740041929,150.5,113,218,112,80,78,181,218
777,0.9978213507625272,233.5,117,224,117,83,74,150,235
778,0.9208333333333333,142.0,105,210,127,78,92,160,228
779,0.9340425531914893,128.0,114,217,108,91,83,147,240
780,0.9721030042918455,101.0,118,206,129,81,80,177,209
781,1.0623608017817372,323.5,125,216,136,74,89,141,219
782,0.9594017094017094,197.5,111,214,124,83,80,155,233
783,0.8958333333333334,63.5,105,207,118,90,87,174,219
784,0.9178947368421052,68.5,103,221,112,89,88,159,228
785,1.0328227571115973,150.5,108,233,131,71,93,165,199
786,0.9106029106029107,149.5,101,214,123,81,78,168,235
787,1.0176600441501105,218.0,102,230,129,86,97,146,210
788,0.8520710059171598,130.5,110,216,106,61,104,175,228
789,0.9488272921108742,145.5,111,218,116,86,82,164,223
790,0.9850746268656716,140.0,111,226,125,69,90,172,207
791,0.8975409836065574,42.5,101,202,135,74,88,174,226
792,0.9912280701754386,243.0,120,222,110,92,79,163,214
793,0.8614457831325302,69.0,110,197,122,73,93,185,220
794,1.0194805194805194,201.0,109,228,134,67,86,167,209
795,0.9506437768240343,138.0,97,223,123,91,93,169,204
796,0.8469387755102041,41.5,107,195,113,95,89,181,220
797,0.9914163090128756,209.5,113,238,111,72,92,162,212
798,0.9221311475409836,155.5,112,221,117,62,87,163,238
799,0.7976653696498055,3.5,110,189,111,76,91,179,244
800,0.8806584362139918,43.0,96,220,112,86,86,191,209
801,0.9807692307692307,216.0,105,229,125,73,88,144,236
802,0.9121338912133892,167.0,113,224,99,86,85,167,226
803,0.9659574468085106,168.0,104,240,110,76,87,165,218
804,0.9147609147609148,114.5,94,221,125,79,96,172,213
805,0.8812877263581489,111.5,114,199,125,65,81,173,243
806,0.9870967741935484,166.0,111,229,119,76,75,163,227
807,0.8287401574803149,108.0,103,191,127,71,99,180,229
808,0.9334719334719335,159.5,100,232,117,70,83,184,214
809,0.9389473684210526,41.5,86,229,131,79,73,163,239
810,0.9978260869565218,168.5,91,243,125,81,89,159,212
811,0.9718004338394793,99.0,99,222,127,91,88,174,199
812,1.002183406113537,184.0,112,229,118,83,85,156,217
813,0.9767441860465116,240.0,131,223,108,65,93,165,215
814,0.852882703777336,55.5,110,209,110,68,84,184,235
815,0.9594882729211087,203.0,117,216,117,81,88,166,215
816,0.901010101010101,82.0,123,212,111,59,79,174,242
817,0.989247311827957,198.5,91,222,147,75,88,159,218
818,0.9285714285714286,204.0,112,222,108,82,84,170,222
819,0.9288702928870293,118.5,104,224,116,78,71,190,217
820,0.7748091603053435,-125.5,85,211,110,70,87,179,258
821,0.9429175475687104,98.0,96,231,119,81,71,166,236
822,0.8788501026694046,101.5,102,223,103,85,82,182,223
823,0.83399209486166,126.0,106,202,114,72,102,178,226
824,0.9142259414225942,194.5,113,210,114,85,84,175,219
825,1.0307692307692307,244.0,114,244,111,76,78,160,217
826,0.8693877551020408,14.0,100,202,124,84,98,164,228
827,0.9176954732510288,97.5,115,203,128,68,80,164,242
828,1.081447963800905,293.0,111,236,131,80,73,154,215
829,0.9723991507430998,191.0,103,229,126,71,83,180,208
830,1.0085470085470085,214.0,120,229,123,60,74,178,216
831,0.9287211740041929,110.5,90,225,128,80,98,174,205
832,0.8019607843137255,-84.0,104,184,121,81,95,177,238
833,1.0066225165562914,149.5,117,217,122,91,86,137,230
834,0.9329140461215933,111.0,111,212,122,78,86,169,222
835,0.9452631578947368,121.5,101,233,115,76,88,155,232
836,1.0132450331125828,133.0,121,220,118,88,82,160,211
837,0.8875255623721882,100.0,115,201,118,77,97,191,201
838,0.9726315789473684,90.5,102,244,116,63,68,190,217
839,0.8212180746561886,18.0,103,197,118,73,99,169,241
840,0.9287211740041929,175.0,133,198,112,80,90,168,219
841,1.0239651416122004,249.5,121,239,110,71,91,165,203
842,0.9849137931034483,249.5,122,207,128,79,84,169,211
843,0.9140461215932913,45.0,93,224,119,87,94,176,207
844,0.9395833333333333,82.0,92,230,129,69,108,183,189
845,0.9066390041493776,33.5,92,218,127,81,81,170,231
846,0.80990099009901,-49.0,110,203,96,86,93,202,210
847,0.9848812095032398,231.0,137,183,136,81,75,174,214
848,0.940677966101695,38.0,103,218,123,84,81,145,246
849,0.9661016949152542,275.5,120,221,115,72,88,142,242
850,0.9956521739130435,81.0,111,229,118,82,94,160,206
851,0.9267782426778243,96.0,94,234,115,79,87,170,221
852,0.9978308026030369,140.5,95,224,141,79,79,147,235
853,0.934020618556701,208.5,108,223,122,62,90,181,214
854,0.9288702928870293,218.0,102,222,120,78,96,158,224
855,0.8809034907597536,4.5,87,215,127,84,101,173,213
856,0.8320158102766798,13.5,112,202,107,73,91,160,255
857,0.9658119658119658,76.0,121,213,118,80,82,178,208
858,0.9978213507625272,245.0,117,215,126,83,80,145,234
859,0.9094650205761317,146.5,115,223,104,72,95,160,231
860,1.0088300220750552,175.5,107,219,131,90,66,173,214
861,0.9382978723404255,186.0,119,200,122,89,75,168,227
862,0.8585858585858586,92.5,102,209,114,80,79,188,228
863,0.8248031496062992,-60.5,119,200,100,73,91,186,231
864,0.9785867237687366,228.5,114,210,133,76,88,178,201
865,0.9075975359342916,67.5,108,210,124,71,83,170,234
866,0.9849137931034483,224.5,130,217,110,79,94,164,206
867,0.8804123711340206,19.0,101,197,129,88,88,182,215
868,0.9256900212314225,198.0,116,210,110,93,76,180,215
869,0.9201680672268907,135.0,114,221,103,86,97,152,227
870,0.9028925619834711,162.0,107,215,115,79,74,163,247
871,0.9364406779661016,150.5,108,216,118,86,79,159,234
872,0.8961303462321792,131.5,116,215,109,69,102,149,240
873,0.8667992047713717,56.5,97,211,128,61,85,171,247
874,1.0282608695652173,242.0,122,223,128,67,79,165,216
875,0.8277227722772277,-31.5,120,195,103,77,86,173,246
876,0.9360341151385928,128.5,125,209,105,92,78,161,230
877,0.978448275862069,174.0,120,224,110,82,86,175,203
878,0.9935897435897436,236.5,110,225,130,67,86,170,212
879,1.0,160.5,103,234,126,74,76,159,228
880,0.7914230019493177,-43.5,96,202,108,81,87,180,246
881,0.9662447257383966,228.0,103,230,125,68,96,179,199
882,1.0580357142857142,290.0,107,251,116,78,100,152,196
883,0.9719827586206896,203.5,117,221,113,85,87,151,226
884,1.0,133.0,103,228,131,76,83,165,214
885,0.9978540772532188,290.0,117,229,119,69,91,170,205
886,0.9503239740820735,195.0,102,216,122,97,85,159,219
887,0.9351464435146444,70.0,95,231,121,75,79,158,241
888,0.9357601713062098,225.5,119,207,111,96,76,188,203
889,0.9257731958762887,179.0,126,214,109,66,106,145,234
890,0.9635193133047211,147.5,119,228,102,85,96,155,215
891,0.9024896265560166,93.5,96,204,135,83,93,165,224
892,0.841897233201581,-14.0,112,197,117,68,96,171,239
893,0.893223819301848,24.5,102,215,118,78,93,162,232
894,0.9014373716632443,22.0,104,217,118,74,85,174,228
895,0.9213250517598344,106.0,119,219,107,72,92,155,236
896,0.8309859154929577,3.0,105,192,116,90,83,164,250
897,0.8297029702970297,-27.5,99,206,114,76,82,192,231
898,0.9635193133047211,193.0,102,235,112,85,94,164,208
899,0.8554216867469879,26.0,96,212,118,76,97,186,215
900,0.9479166666666666,195.5,109,220,126,65,95,156,229
901,0.9912663755458515,141.0,122,218,114,88,82,145,231
902,1.060674157303371,286.5,117,227,128,83,92,151,202
903,0.8909465020576132,123.5,109,213,111,81,83,175,228
904,0.9192546583850931,49.5,96,220,128,73,85,162,236
905,0.869653767820774,18.5,90,206,131,82,81,185,225
906,0.9661733615221987,193.5,126,217,114,70,86,177,210
907,0.9117647058823529,161.5,112,206,116,90,86,161,229
908,0.9705882352941176,232.0,114,224,124,62,73,188,215
909,0.9308176100628931,157.5,105,222,117,79,97,171,209
910,0.9287211740041929,124.0,97,222,124,80,96,156,225
911,0.9846827133479212,192.5,119,214,117,93,90,154,213
912,0.8765432098765432,47.5,87,234,105,88,85,175,226
913,1.064587973273942,260.0,103,239,136,73,93,141,215
914,0.845691382765531,35.0,90,215,117,79,87,177,235
915,0.8962655601659751,31.0,107,201,124,86,96,163,223
916,0.9808510638297873,181.0,106,220,135,69,83,158,229
917,0.9554140127388535,210.0,112,210,128,79,91,169,211
918,0.8562874251497006,-19.5,96,195,138,70,107,167,227
919,0.9051546391752577,104.5,103,220,116,76,96,172,217
920,0.8827160493827161,130.0,107,213,109,85,95,168,223
921,0.961864406779661,128.5,115,219,120,74,83,155,234
922,0.9350104821802935,120.0,110,207,129,77,83,172,222
923,0.9848812095032398,171.5,111,215,130,81,79,159,225
924,0.9377682403433476,163.0,124,192,121,97,81,173,212
925,0.9100418410041841,36.0,117,212,106,87,75,188,215
926,0.961456102783726,125.0,109,229,111,84,90,171,206
927,0.9107883817427386,159.5,100,217,122,79,95,176,211
928,1.0375275938189845,218.0,110,238,122,77,85,154,214
929,0.9558823529411765,112.5,90,242,123,69,86,175,215
930,0.9164926931106472,176.5,109,220,110,82,86,163,230
931,0.9934497816593887,157.0,103,253,99,87,79,175,204
932,0.9675324675324676,208.5,109,215,123,91,77,182,203
933,0.93125,185.0,115,218,114,73,82,171,227
934,0.9698275862068966,103.0,103,208,139,86,81,174,209
935,0.9619450317124736,58.0,102,256,97,72,71,176,226
936,0.9424307036247335,103.5,130,201,111,89,92,153,224
937,0.9806451612903225,174.0,96,231,129,79,97,165,203
938,1.0623608017817372,273.5,112,226,139,74,98,149,202
939,1.0535714285714286,277.0,113,242,117,80,70,164,214
940,0.8884381338742393,96.5,118,209,111,69,88,188,217
941,1.0677200902934538,216.0,121,227,125,84,80,149,214
942,0.9869848156182213,194.0,113,235,107,84,74,153,234
943,0.9763948497854077,180.0,106,220,129,79,83,157,226
944,0.857707509881423,45.5,110,212,112,60,95,169,242
945,0.9248434237995825,99.5,107,227,109,78,89,166,224
946,0.9600840336134454,52.0,101,228,128,67,79,167,230
947,1.0,267.5,116,211,127,92,82,155,217
948,0.9519832985386222,187.5,107,220,129,65,96,158,225
949,0.956989247311828,102.5,90,225,130,90,80,148,237
950,0.959830866807611,188.0,114,222,118,73,81,172,220
951,0.7777777777777778,-165.5,90,196,113,88,89,190,234
952,0.9136842105263158,86.0,108,213,113,91,77,158,240
953,0.8770161290322581,21.5,118,212,105,69,91,171,234
954,0.8884297520661157,84.0,100,201,129,86,87,175,222
955,0.9436325678496869,145.0,106,221,125,69,83,191,205
956,0.8948453608247423,43.5,102,214,118,81,98,161,226
957,0.9978586723768736,171.0,116,214,136,67,91,160,216
958,0.8772635814889336,54.5,116,208,112,67,69,197,231
959,0.9373695198329853,162.0,115,209,125,72,95,159,225
960,1.0172786177105833,290.5,118,225,128,66,86,162,215
961,1.0244444444444445,200.0,116,223,122,89,72,150,228
962,0.8794178794178794,33.0,92,218,113,96,74,195,212
963,0.9572649572649573,109.0,111,235,102,84,83,173,212
964,0.9848156182212582,220.0,122,225,107,85,68,166,227
965,1.0357941834451903,218.0,107,230,126,90,68,171,208
966,1.0243362831858407,149.0,98,230,135,85,78,143,231
967,0.9891540130151844,174.0,93,229,134,83,62,180,219
968,0.9641350210970464,164.0,92,254,111,69,97,168,209
969,0.9802631578947368,186.0,108,214,125,97,68,171,217
970,0.9657387580299786,150.0,105,222,124,82,82,152,233
971,0.9935344827586207,171.5,107,232,122,75,91,166,207
972,0.8836734693877552,103.5,108,216,109,77,91,158,241
973,0.9870967741935484,164.5,90,238,131,76,74,187,204
974,0.9723991507430998,188.0,109,233,116,71,91,176,204
975,0.9935622317596566,185.0,110,232,121,71,84,177,205
976,0.8724696356275303,30.0,100,209,122,75,99,185,210
977,0.8940936863543788,118.5,111,200,128,70,84,174,233
978,0.9957264957264957,213.5,134,209,123,66,100,158,210
979,0.89937106918239,49.0,95,234,100,94,75,171,231
980,0.8775510204081632,105.5,100,211,119,80,82,177,231
981,0.9699570815450643,177.0,118,203,131,82,93,171,202
982,0.9161425576519916,101.0,89,215,133,86,78,169,230
983,0.9299363057324841,180.0,107,222,109,91,93,160,218
984,0.9720430107526882,157.0,107,215,130,83,86,156,223
985,0.9827586206896551,206.0,124,223,109,80,88,160,216
986,0.9977876106194691,115.0,106,216,129,97,72,163,217
987,0.8818737270875764,76.0,108,198,127,76,89,174,228
988,0.9956896551724138,167.5,114,217,131,74,78,163,223
989,0.9809322033898306,191.5,118,228,117,65,76,178,218
990,0.8446215139442231,32.5,96,218,110,74,96,174,232
991,0.9117043121149897,107.5,113,202,129,69,88,179,220
992,0.9348739495798319,126.5,114,202,129,79,80,173,223
993,0.8532289628180039,56.0,108,215,113,53,100,161,250
994,0.8034682080924855,-80.5,90,221,106,64,88,169,262
995,0.8879837067209776,84.0,108,213,115,73,78,171,242
996,1.0309734513274336,224.5,119,225,122,82,71,166,215
997,0.9760348583877996,229.0,120,205,123,93,87,151,221
998,0.9487179487179487,174.5,95,212,137,88,93,163,212
999,0.976890756302521,170.5,112,216,137,59,87,167,222
